{
  "train_loss": [
    0.8970980251253755,
    0.7814547743511384,
    0.7416601217428799,
    0.7227677985033497,
    0.6995326955366543,
    0.6697059001966088,
    0.6437788849609535,
    0.637486159422675,
    0.6323646201584081,
    0.6242564968655668,
    0.620556809685447,
    0.6229981125537517,
    0.6177766868408691,
    0.6189572722024436,
    0.6163108470723853,
    0.6132987411551201,
    0.6147148498154108,
    0.6168698773063919,
    0.6116563003673906,
    0.6139484549069412,
    0.6123391569533642,
    0.612125332709932,
    0.608471229363621,
    0.6089165311519794,
    0.6071569616539632,
    0.605827624262878,
    0.6062705944044942,
    0.6124470331089771,
    0.6139038188512169,
    0.6154483214831873,
    0.6108056969588618,
    0.614537297394698,
    0.6139019010935939,
    0.6103841648901586,
    0.6104284106252206,
    0.6124167112593956,
    0.611398675817915,
    0.6115532432613072,
    0.6137164359792354,
    0.6126641104253625,
    0.6071614135065998,
    0.6141614443394782,
    0.6104766557347745,
    0.6130883994929927,
    0.612247672157414,
    0.6234969951461514,
    0.6238517613659975,
    0.6267374347144973,
    0.626939108438273,
    0.6157276873332949,
    0.6122311994198707
  ],
  "train_dice": [
    0.8949602075820801,
    0.8381012973616748,
    0.847309638334592,
    0.8508963337192288,
    0.8687196722443047,
    0.8776390582660708,
    0.865638942555783,
    0.8658017688576244,
    0.8628842349242163,
    0.8569552788717307,
    0.8535309213734227,
    0.8554566668423212,
    0.8513979628850953,
    0.8510633443692469,
    0.8505787293237032,
    0.8483768791808513,
    0.8492699399380501,
    0.8505227278859354,
    0.8447252714887579,
    0.8470193131189381,
    0.8442188456559847,
    0.8437276057493427,
    0.8412369705425767,
    0.8423364837382439,
    0.8410251494862487,
    0.8397720831143457,
    0.8402925910591321,
    0.8456633077467565,
    0.8455893569936012,
    0.8447425240770695,
    0.8412805789740384,
    0.8399793858289653,
    0.8422376147025393,
    0.8384968851870284,
    0.8382075991739915,
    0.8377960790880282,
    0.8335918969428154,
    0.8378562220686475,
    0.8382290885012991,
    0.8372244098694426,
    0.833736057405348,
    0.8365481972332058,
    0.8356045341419231,
    0.8370659418052058,
    0.836704011466102,
    0.8292766697468037,
    0.825937525858435,
    0.8261336375086569,
    0.8249570779228579,
    0.8263131067482072,
    0.8297745576383133
  ],
  "train_bce": [
    0.8992358416969455,
    0.7248082538605,
    0.6360106053364544,
    0.5946392614757794,
    0.5303457188866487,
    0.46177274327180634,
    0.42191882919840273,
    0.40917055074534187,
    0.40184500561494396,
    0.3915577177251693,
    0.3875826978821819,
    0.39053955823224235,
    0.3841554134318301,
    0.38685119971447673,
    0.3820429651669357,
    0.3782206059786851,
    0.38015975737051266,
    0.38321703084432873,
    0.3785873302177488,
    0.3808775961432018,
    0.3804594687448414,
    0.3805230611281093,
    0.37570549147864934,
    0.375496581085613,
    0.37328877332758004,
    0.3718831629120997,
    0.37224859578993547,
    0.37923075730183337,
    0.38221827914419015,
    0.38615411659998605,
    0.3803308173153538,
    0.3890952075851922,
    0.3855661855576677,
    0.38227144373685296,
    0.3826492214505927,
    0.3870373424590375,
    0.3892054551294674,
    0.38525026377870025,
    0.38920378248544646,
    0.3881038125294551,
    0.3805867717654114,
    0.39177468746002947,
    0.3853487774099754,
    0.3891108590171758,
    0.3877913341910248,
    0.41771731851969873,
    0.42176599432072215,
    0.4273412342920064,
    0.4289211399418835,
    0.405142264690278,
    0.39468784124260287
  ],
  "gradient_norm": [
    3.967463890406143,
    3.4077909488631324,
    3.325699205632927,
    3.063548320588102,
    2.713037840759141,
    2.2834576715997277,
    2.3818622883571425,
    2.293647377546363,
    2.3368076121130197,
    2.309608871167018,
    2.368257631430439,
    2.3304647518244117,
    2.5802472838357304,
    2.8353832351400547,
    2.827643108728387,
    2.8942286552061844,
    3.4618500865412365,
    3.7227279868823557,
    4.12189848804085,
    3.5932462344083453,
    3.856544015291862,
    4.068137199606568,
    4.395957103663053,
    4.672835673643322,
    5.670604223951522,
    6.455716620694886,
    6.914357329917299,
    5.04984739043683,
    3.902138771134391,
    4.9904890633719425,
    4.879211228956914,
    4.710499136582338,
    5.452362271239021,
    5.638989032435647,
    5.42176410756023,
    4.714696852796952,
    5.068160102311666,
    5.022698164593052,
    5.275623655204118,
    5.988402251641288,
    4.43190073779669,
    5.867307358719152,
    6.76812854858175,
    7.3351684774444434,
    8.340955725490803,
    9.753262093735893,
    6.800382327454717,
    7.100195100955409,
    7.052272234356765,
    6.512453145650358,
    6.439516922929785
  ],
  "gradient_norm_clipped": [
    0.997306701632273,
    0.9987636623411009,
    0.9998017935214767,
    0.9984820220392848,
    0.9988311688008641,
    0.9942754125467239,
    0.9951634399101109,
    0.9936619162081625,
    0.9941503356020819,
    0.98918772117251,
    0.9872790895172168,
    0.9941087269859938,
    0.9971494791945117,
    0.9959123450359133,
    0.9986766657259195,
    0.998547744796442,
    0.9996811225219486,
    0.9996069896736082,
    0.9999997086778002,
    0.9996494536366373,
    0.9999997109497831,
    0.9997665915078053,
    0.9999997330646762,
    0.9999997409385407,
    0.9999997796616021,
    0.9999998038125925,
    0.9999998147002072,
    0.9999997514085031,
    0.9999996995750438,
    0.9999997523756157,
    0.9997758406511628,
    0.9999997449390937,
    0.9999997476966767,
    0.9999997468722656,
    0.999999748992468,
    0.9999997395799547,
    0.9999997583843481,
    0.999999751600312,
    0.9999997545725192,
    0.9999997783393385,
    0.9999997140148535,
    0.9999997716290862,
    0.9999997884210117,
    0.9999998069787286,
    0.9999998243963538,
    0.999999838317874,
    0.99999981236982,
    0.9999998084522272,
    0.9999998086768873,
    0.9999998096932888,
    0.9999998114076261
  ],
  "val_loss": [
    0.9306850904200893,
    0.7333065964247998,
    0.6709064321935253,
    0.7933413892255633,
    0.6877318218714789,
    0.6711401502905051,
    0.6710276533891489,
    0.6385975898923101,
    0.6526919474472871,
    0.6688582391659111,
    0.6419361263628632,
    0.6519453458037309,
    0.6876851897135358,
    0.6443286788202774,
    0.6477509713234282,
    0.6262607869034108,
    0.6278008165813628,
    0.6277968144785023,
    0.6466244520521225,
    0.640312749446589,
    0.6414981203649955,
    0.64771900559024,
    0.6299430930476391,
    0.6437402230278713,
    0.6238290988186919,
    0.6299203058160563,
    0.6313410626875388,
    0.6404836882035244,
    0.6346643599303993,
    0.6268933186813365,
    0.6226239353226573,
    0.6392680681196726,
    0.6284818406884428,
    0.6336046260142725,
    0.6296832598314323,
    0.6343580419952805,
    0.6315475547329032,
    0.6332705461994255,
    0.6287096570050548,
    0.6261344077197435,
    0.6338162729025194,
    0.6259731999388686,
    0.6287667346276832,
    0.6252967312529281,
    0.663909142388647,
    0.6826224081611387,
    0.6943569701150577,
    0.6783657623227192,
    0.6912313767995306,
    0.6318789053147363,
    0.6336543158828215
  ],