{
  "train_loss": [
    0.87505624545612,
    0.7665774971452594,
    0.7311237634760005,
    0.7027524764381676,
    0.6807836054042743,
    0.6583476210865865,
    0.6337658977534897,
    0.633851514925908,
    0.6250747955777626,
    0.6180952859537546,
    0.6101182791764448,
    0.6145279713677055,
    0.6104165416094571,
    0.6109637298219011,
    0.6080743471671614,
    0.6064948101635301,
    0.6046483606289487,
    0.6056126496119209,
    0.6057441628549138,
    0.6089071078865724,
    0.6083904731566816,
    0.6081824928859744,
    0.6077010663512926,
    0.6057680113666721,
    0.6052632085128725,
    0.6057138459627784,
    0.6023610201814814,
    0.605697976337279,
    0.6092849611807805,
    0.6073266606727468,
    0.6075014135527261,
    0.6081824780630453,
    0.6112313187395746,
    0.6145168961197937,
    0.6165205128748268,
    0.6166889245881004,
    0.6128434182926251,
    0.6090058092584791,
    0.6121513366896858,
    0.6070059272392444,
    0.6073513167212108,
    0.6121944721379508,
    0.6084213865728924,
    0.6091383009794898,
    0.606510533190261,
    0.6097824776590974,
    0.6164981523875078,
    0.6138212025807884,
    0.6144482021866731,
    0.6144507458671808,
    0.6098921841664616,
    0.6152150986207128
  ],
  "train_dice": [
    0.8789892705740537,
    0.8397754105160532,
    0.8526176021190663,
    0.8535358208949871,
    0.8610804463394705,
    0.8702015754563205,
    0.8566840768650968,
    0.8583123760679277,
    0.8550684629767334,
    0.8502925711792785,
    0.8458463457217695,
    0.8513159384448148,
    0.8481712339332204,
    0.8463475687064397,
    0.8446691445666606,
    0.8420231990407072,
    0.8413813766539838,
    0.8407365692587444,
    0.8438881488918896,
    0.844590870805062,
    0.8414309946467581,
    0.8415066633444526,
    0.8394533726812627,
    0.8401472267935901,
    0.8390537640211101,
    0.8387516135502732,
    0.8367251207005685,
    0.839479472911236,
    0.8424613997237266,
    0.8399780389846903,
    0.8408294406573592,
    0.8418009967954161,
    0.8394151777976058,
    0.8397872468225532,
    0.839606976980134,
    0.8371412948733307,
    0.8320206549326403,
    0.8336978500869004,
    0.8378808937635367,
    0.8324759016546897,
    0.8313974961782562,
    0.8337757860174756,
    0.8317399809755124,
    0.8329090974580586,
    0.8308224022701387,
    0.8295833212165221,
    0.825798999459482,
    0.8226524495096884,
    0.8192648175639584,
    0.8174908521031108,
    0.8193065678424419,
    0.8159895768545056
  ],
  "train_bce": [
    0.8711232220098833,
    0.6933795858990853,
    0.6096299206331047,
    0.5519691314707806,
    0.500486762727384,
    0.44649366670038265,
    0.41084771933773667,
    0.4093906514122197,
    0.3950811250989165,
    0.38589800341282804,
    0.3743902126887649,
    0.3777400050811525,
    0.3726618520032309,
    0.3755798918020333,
    0.37147954793126586,
    0.3709664238144858,
    0.36791534346748894,
    0.37048873128680837,
    0.36760017477566775,
    0.37322334674683416,
    0.3753499534535915,
    0.3748583221845648,
    0.37594875964251434,
    0.3713887983937723,
    0.3714726568174217,
    0.3726760777535442,
    0.3679969194647554,
    0.3719164808750416,
    0.37610852262136457,
    0.37467528066440126,
    0.37417338375526094,
    0.3745639592071501,
    0.38304746135324036,
    0.38924654586172197,
    0.3934340512729475,
    0.39623655471461816,
    0.3936661803844259,
    0.38431376985470606,
    0.38642177558070423,
    0.3815359500733223,
    0.3833051397922982,
    0.3906131596254295,
    0.38510279295259364,
    0.3853675025245306,
    0.3821986619610587,
    0.3899816336981596,
    0.40719730695429085,
    0.4049899588799931,
    0.4096315840918506,
    0.41141063955713614,
    0.4004778035621216,
    0.4144406188305125
  ],
  "gradient_norm": [
    3.729739166583669,
    2.9238246163308075,
    2.744719168810917,
    2.421544173729822,
    2.419433473614341,
    2.2538222890488537,
    1.9989077838119225,
    1.846622377685362,
    1.7634899998561826,
    1.4732606165633648,
    1.5777489280200867,
    1.6267735677196897,
    1.7599143692607966,
    1.685625141593489,
    1.6111777209520783,
    1.5819681641316485,
    1.6931737347536566,
    1.7161030917737923,
    2.120075690079761,
    2.3023231608836348,
    2.4472840620530856,
    2.6471101701745905,
    2.38870825942768,
    2.527050139902028,
    2.475875528392405,
    2.4950895416715593,
    2.427068779537736,
    2.380111221236784,
    2.509729406377908,
    2.990441262296034,
    2.969761621553753,
    3.4226573163448575,
    3.289314656681084,
    2.8410710606525953,
    2.6802366924866945,
    2.6721683036205586,
    3.466244056566785,
    3.633224965262014,
    2.579061856728588,
    2.7010649042927843,
    2.8257671281998915,
    2.888102323983173,
    2.700541048572901,
    3.1120873113835725,
    3.013754148555899,
    3.807478302432452,
    4.58200302024122,
    4.479906786176274,
    4.753506098877516,
    4.481719615142632,
    3.8239768417524775,
    4.551708146817049
  ],
  "gradient_norm_clipped": [
    0.9976327897370723,
    0.999345328408721,
    0.9997983541905998,
    0.9975834817226338,
    0.9955386501473931,
    0.9795553636560409,
    0.9685315560767268,
    0.9649213289691818,
    0.966784843006659,
    0.9288131754243063,
    0.9500729614498721,
    0.9676382849450871,
    0.9760221786877026,
    0.9630714818486334,
    0.9640457954238677,
    0.9482097937909472,
    0.9568076957004426,
    0.9584990250323365,
    0.9985379152413545,
    0.9974461393099355,
    0.9998264745304661,
    0.9993617054018983,
    0.9943448671203576,
    0.9989626408173012,
    0.9992959907829664,
    0.9980677013253563,
    0.9977997292211082,
    0.9972518746094402,
    0.9977231495681494,
    0.9992984049853993,
    0.9998683280290116,
    0.9993607187129372,
    0.99961121510431,
    0.9992634336379601,
    0.9977254983172759,
    0.997809523151583,
    0.9998568344525863,
    0.999946903165953,
    0.9958928843470427,
    0.9947417247928813,
    0.9968212024911719,
    0.9973553835516031,
    0.9973437212765628,
    0.9979996301835422,
    0.9985640335921347,
    0.9994822787831867,
    0.9999997313842736,
    0.9991925439302429,
    0.9995103870269836,
    0.9995163292341162,
    0.9999996721658374,
    0.9999997306650505
  ],
  "val_loss": [
    0.8446674964113815,
    0.750726932688512,
    0.7151293385212946,
    0.8131678857332086,
    0.6775004917436892,
    0.6745565692430298,
    0.7024707252607996,
    0.6677219578504869,
    0.6334070445948126,
    0.6534886511289628,
    0.6347710948192935,
    0.6231972232288375,
    0.6306328320135021,
    0.6237950360299385,
    0.6212339539325376,
    0.6152511096368886,
    0.6198698654291406,
    0.6219010025531322,
    0.6404426858845518,
    0.6212162438353362,
    0.6171916174765872,
    0.6204350226327413,
    0.6156706107322467,
    0.6180718038686608,
    0.6153861788248923,
    0.6086586396206299,
    0.6190218491290373,
    0.6263056851568676,
    0.6240520601567154,
    0.6205340058493645,
    0.6250579366352568,
    0.6189623676058255,
    0.6437509817046088,
    0.632639732907024,
    0.6217524162283888,
    0.6383202563074718,
    0.6243099730600875,
    0.6311708115702891,
    0.6233530772545469,
    0.6172874331320881,
    0.6192526012620717,
    0.6184682703386403,
    0.6242142419403891,
    0.6241653812437904,
    0.620430943128225,
    0.6330289612098704,
    0.6305045971078762,
    0.6220848658523658,
    0.6213901984185326,
    0.6221844143542237,
    0.6290681765653299,
    0.6363006462768545
  ],